{"stats":{"minecraft:mined":{"minecraft:grass":1,"minecraft:grass_block":8,"minecraft:spruce_log":2},"minecraft:custom":{"minecraft:jump":59,"minecraft:time_since_rest":13696,"minecraft:crouch_one_cm":160,"minecraft:sprint_one_cm":5915,"minecraft:leave_game":3,"minecraft:play_time":13696,"minecraft:time_since_death":13696,"minecraft:walk_one_cm":3497,"minecraft:sneak_time":180,"minecraft:total_world_time":13696,"minecraft:fall_one_cm":898,"minecraft:fly_one_cm":7496},"minecraft:used":{"minecraft:dirt":8},"minecraft:crafted":{"minecraft:spruce_planks":8},"minecraft:picked_up":{"minecraft:spruce_log":2,"minecraft:wheat_seeds":1,"minecraft:dirt":8}},"DataVersion":3465}