{"stats":{"minecraft:mined":{"minecraft:grass":1,"minecraft:grass_block":9,"minecraft:spruce_log":2,"minecraft:dirt":2},"minecraft:custom":{"minecraft:jump":62,"minecraft:time_since_rest":26239,"minecraft:leave_game":7,"minecraft:crouch_one_cm":199,"minecraft:play_time":26239,"minecraft:sprint_one_cm":5915,"minecraft:time_since_death":26239,"minecraft:walk_one_cm":3596,"minecraft:sneak_time":380,"minecraft:total_world_time":26239,"minecraft:fall_one_cm":898,"minecraft:fly_one_cm":7496},"minecraft:used":{"minecraft:dirt":9},"minecraft:crafted":{"minecraft:spruce_planks":8},"minecraft:picked_up":{"minecraft:spruce_log":2,"minecraft:wheat_seeds":1,"minecraft:dirt":11}},"DataVersion":3465}