{"stats":{"minecraft:killed":{"minecraft:salmon":5},"minecraft:dropped":{"minecraft:wooden_pickaxe":1},"minecraft:mined":{"minecraft:furnace":1,"minecraft:spruce_log":15,"minecraft:crafting_table":2,"minecraft:grass":1,"minecraft:grass_block":2,"minecraft:coal_ore":12,"minecraft:spruce_leaves":4,"minecraft:stone":18,"minecraft:sugar_cane":4,"minecraft:wall_torch":2},"minecraft:custom":{"minecraft:time_since_rest":15176,"minecraft:interact_with_furnace":3,"minecraft:sprint_one_cm":21912,"minecraft:damage_taken":40,"minecraft:walk_one_cm":9830,"minecraft:mob_kills":5,"minecraft:drop":1,"minecraft:damage_dealt":150,"minecraft:swim_one_cm":11681,"minecraft:interact_with_crafting_table":5,"minecraft:fly_one_cm":14515,"minecraft:crouch_one_cm":1072,"minecraft:play_time":15176,"minecraft:sneak_time":1017,"minecraft:walk_under_water_one_cm":4138,"minecraft:jump":153,"minecraft:walk_on_water_one_cm":737,"minecraft:leave_game":5,"minecraft:time_since_death":15176,"minecraft:total_world_time":15176,"minecraft:fall_one_cm":3271},"minecraft:used":{"minecraft:stone_sword":1,"minecraft:stone_pickaxe":22,"minecraft:wooden_pickaxe":9,"minecraft:cooked_salmon":2,"minecraft:stone_axe":19,"minecraft:torch":8,"minecraft:dirt":2,"minecraft:cobblestone":4,"minecraft:crafting_table":3,"minecraft:furnace":1},"minecraft:crafted":{"minecraft:crafting_table":1,"minecraft:spruce_planks":64,"minecraft:stick":20,"minecraft:wooden_pickaxe":1,"minecraft:stone_pickaxe":1,"minecraft:stone_sword":1,"minecraft:furnace":1,"minecraft:cooked_salmon":5,"minecraft:torch":44,"minecraft:stone_axe":1,"minecraft:air":0},"minecraft:picked_up":{"minecraft:crafting_table":2,"minecraft:salmon":5,"minecraft:torch":2,"minecraft:spruce_log":16,"minecraft:dirt":2,"minecraft:sugar_cane":7,"minecraft:coal":15,"minecraft:cobblestone":20,"minecraft:furnace":1}},"DataVersion":3465}