{"stats":{"minecraft:used":{"minecraft:dirt":5},"minecraft:custom":{"minecraft:jump":38,"minecraft:time_since_rest":2767,"minecraft:crouch_one_cm":99,"minecraft:leave_game":3,"minecraft:play_time":2767,"minecraft:sprint_one_cm":2962,"minecraft:damage_taken":20,"minecraft:time_since_death":2767,"minecraft:walk_one_cm":1822,"minecraft:sneak_time":90,"minecraft:total_world_time":2767,"minecraft:fall_one_cm":1111,"minecraft:fly_one_cm":8245},"minecraft:mined":{"minecraft:grass":1,"minecraft:dirt":6},"minecraft:picked_up":{"minecraft:dirt":5}},"DataVersion":3465}