{"stats":{"minecraft:used":{"minecraft:dirt":14},"minecraft:custom":{"minecraft:jump":46,"minecraft:time_since_rest":10538,"minecraft:crouch_one_cm":602,"minecraft:leave_game":6,"minecraft:play_time":10538,"minecraft:sprint_one_cm":4291,"minecraft:damage_taken":20,"minecraft:time_since_death":10538,"minecraft:walk_one_cm":3462,"minecraft:sneak_time":385,"minecraft:total_world_time":10538,"minecraft:fall_one_cm":1649,"minecraft:fly_one_cm":8659},"minecraft:mined":{"minecraft:grass":1,"minecraft:dirt":15},"minecraft:picked_up":{"minecraft:dirt":14}},"DataVersion":3465}