{"stats":{"minecraft:used":{"minecraft:dirt":18},"minecraft:custom":{"minecraft:jump":63,"minecraft:time_since_rest":15360,"minecraft:crouch_one_cm":695,"minecraft:leave_game":7,"minecraft:play_time":15360,"minecraft:sprint_one_cm":4939,"minecraft:damage_taken":20,"minecraft:time_since_death":15360,"minecraft:walk_one_cm":4323,"minecraft:sneak_time":439,"minecraft:total_world_time":15360,"minecraft:fall_one_cm":2392,"minecraft:fly_one_cm":11125},"minecraft:mined":{"minecraft:grass":1,"minecraft:dirt":19},"minecraft:picked_up":{"minecraft:dirt":18}},"DataVersion":3465}